<?xml version="1.0"?>
<doc>
    <assembly>
        <name>GoogleAds.6.5.11.0.Fakes</name>
    </assembly>
    <members>
        <member name="T:GoogleAds.Debugging.Fakes.ShimDebugPanel">
            <summary>Тип оболочки совместимости для GoogleAds.Debugging.DebugPanel</summary>
        </member>
        <member name="M:GoogleAds.Debugging.Fakes.ShimDebugPanel.#ctor">
            <summary>Инициализация нового экземпляра оболочки совместимости</summary>
        </member>
        <member name="M:GoogleAds.Debugging.Fakes.ShimDebugPanel.#ctor(GoogleAds.Debugging.DebugPanel)">
            <summary>Инициализация новой оболочки совместимости для заданного экземпляра</summary>
        </member>
        <member name="M:GoogleAds.Debugging.Fakes.ShimDebugPanel.BehaveAsCurrent">
            <summary>Назначение поведения &quot;Current&quot; всем методам типа с оболочкой совместимости</summary>
        </member>
        <member name="M:GoogleAds.Debugging.Fakes.ShimDebugPanel.BehaveAsNotImplemented">
            <summary>Назначение поведения &quot;NotImplemented&quot; всем методам типа с оболочкой совместимости</summary>
        </member>
        <member name="P:GoogleAds.Debugging.Fakes.ShimDebugPanel.Behavior">
            <summary>Назначение поведения всем методам типа с оболочкой совместимости</summary>
        </member>
        <member name="P:GoogleAds.Debugging.Fakes.ShimDebugPanel.Constructor">
            <summary>Задает оболочка совместимости DebugPanel.DebugPanel()</summary>
        </member>
        <member name="P:GoogleAds.Debugging.Fakes.ShimDebugPanel.OnManipulationCompletedObjectManipulationCompletedEventArgs">
            <summary>Задает оболочка совместимости DebugPanel.OnManipulationCompleted(Object sender, ManipulationCompletedEventArgs ea)</summary>
        </member>
        <member name="P:GoogleAds.Debugging.Fakes.ShimDebugPanel.OnManipulationDeltaObjectManipulationDeltaEventArgs">
            <summary>Задает оболочка совместимости DebugPanel.OnManipulationDelta(Object sender, ManipulationDeltaEventArgs ea)</summary>
        </member>
        <member name="P:GoogleAds.Debugging.Fakes.ShimDebugPanel.OnManipulationStartedObjectManipulationStartedEventArgs">
            <summary>Задает оболочка совместимости DebugPanel.OnManipulationStarted(Object sender, ManipulationStartedEventArgs ea)</summary>
        </member>
        <member name="P:GoogleAds.Debugging.Fakes.ShimDebugPanel.PageOnBackKeyPressObjectCancelEventArgs">
            <summary>Задает оболочка совместимости DebugPanel.PageOnBackKeyPress(Object sender, CancelEventArgs cancelEventArgs)</summary>
        </member>
        <member name="P:GoogleAds.Debugging.Fakes.ShimDebugPanel.StaticConstructor">
            <summary>Задает оболочка совместимости DebugPanel.DebugPanel()</summary>
        </member>
        <member name="P:GoogleAds.Debugging.Fakes.ShimDebugPanel.c5027c6091a7575bc8003e4df51c0d1eb">
            <summary>Задает оболочка совместимости DebugPanel.c5027c6091a7575bc8003e4df51c0d1eb()</summary>
        </member>
        <member name="P:GoogleAds.Debugging.Fakes.ShimDebugPanel.ce405e4f97889de56c78b3cdf5a53312c">
            <summary>Задает оболочка совместимости DebugPanel.ce405e4f97889de56c78b3cdf5a53312c()</summary>
        </member>
        <member name="T:GoogleAds.Debugging.Fakes.ShimDebugPanel.AllInstances">
            <summary>Определение оболочек совместимости для всех членов экземпляров</summary>
        </member>
        <member name="P:GoogleAds.Debugging.Fakes.ShimDebugPanel.AllInstances.OnManipulationCompletedObjectManipulationCompletedEventArgs">
            <summary>Задает оболочка совместимости DebugPanel.OnManipulationCompleted(Object sender, ManipulationCompletedEventArgs ea)</summary>
        </member>
        <member name="P:GoogleAds.Debugging.Fakes.ShimDebugPanel.AllInstances.OnManipulationDeltaObjectManipulationDeltaEventArgs">
            <summary>Задает оболочка совместимости DebugPanel.OnManipulationDelta(Object sender, ManipulationDeltaEventArgs ea)</summary>
        </member>
        <member name="P:GoogleAds.Debugging.Fakes.ShimDebugPanel.AllInstances.OnManipulationStartedObjectManipulationStartedEventArgs">
            <summary>Задает оболочка совместимости DebugPanel.OnManipulationStarted(Object sender, ManipulationStartedEventArgs ea)</summary>
        </member>
        <member name="P:GoogleAds.Debugging.Fakes.ShimDebugPanel.AllInstances.PageOnBackKeyPressObjectCancelEventArgs">
            <summary>Задает оболочка совместимости DebugPanel.PageOnBackKeyPress(Object sender, CancelEventArgs cancelEventArgs)</summary>
        </member>
        <member name="P:GoogleAds.Debugging.Fakes.ShimDebugPanel.AllInstances.c5027c6091a7575bc8003e4df51c0d1eb">
            <summary>Задает оболочка совместимости DebugPanel.c5027c6091a7575bc8003e4df51c0d1eb()</summary>
        </member>
        <member name="P:GoogleAds.Debugging.Fakes.ShimDebugPanel.AllInstances.ce405e4f97889de56c78b3cdf5a53312c">
            <summary>Задает оболочка совместимости DebugPanel.ce405e4f97889de56c78b3cdf5a53312c()</summary>
        </member>
        <member name="T:GoogleAds.Debugging.Fakes.StubDebugPanel">
            <summary>Тип заглушки GoogleAds.Debugging.DebugPanel</summary>
        </member>
        <member name="M:GoogleAds.Debugging.Fakes.StubDebugPanel.#ctor">
            <summary>Инициализирует новый экземпляр</summary>
        </member>
        <member name="M:GoogleAds.Debugging.Fakes.StubDebugPanel.ArrangeOverride(System.Windows.Size)">
            <summary>Задает заглушка FrameworkElement.ArrangeOverride(Size finalSize)</summary>
        </member>
        <member name="F:GoogleAds.Debugging.Fakes.StubDebugPanel.ArrangeOverrideSize">
            <summary>Задает stub FrameworkElement.ArrangeOverride(Size finalSize)</summary>
        </member>
        <member name="M:GoogleAds.Debugging.Fakes.StubDebugPanel.InitializeStub">
            <summary>Инициализирует новый экземпляр type StubDebugPanel</summary>
        </member>
        <member name="M:GoogleAds.Debugging.Fakes.StubDebugPanel.MeasureOverride(System.Windows.Size)">
            <summary>Задает заглушка FrameworkElement.MeasureOverride(Size availableSize)</summary>
        </member>
        <member name="F:GoogleAds.Debugging.Fakes.StubDebugPanel.MeasureOverrideSize">
            <summary>Задает stub FrameworkElement.MeasureOverride(Size availableSize)</summary>
        </member>
        <member name="M:GoogleAds.Debugging.Fakes.StubDebugPanel.OnApplyTemplate">
            <summary>Задает заглушка FrameworkElement.OnApplyTemplate()</summary>
        </member>
        <member name="F:GoogleAds.Debugging.Fakes.StubDebugPanel.OnApplyTemplate01">
            <summary>Задает stub FrameworkElement.OnApplyTemplate()</summary>
        </member>
        <member name="M:GoogleAds.Debugging.Fakes.StubDebugPanel.OnContentChanged(System.Object,System.Object)">
            <summary>Задает заглушка ContentControl.OnContentChanged(Object oldContent, Object newContent)</summary>
        </member>
        <member name="F:GoogleAds.Debugging.Fakes.StubDebugPanel.OnContentChangedObjectObject">
            <summary>Задает stub ContentControl.OnContentChanged(Object oldContent, Object newContent)</summary>
        </member>
        <member name="M:GoogleAds.Debugging.Fakes.StubDebugPanel.OnCreateAutomationPeer">
            <summary>Задает заглушка UIElement.OnCreateAutomationPeer()</summary>
        </member>
        <member name="F:GoogleAds.Debugging.Fakes.StubDebugPanel.OnCreateAutomationPeer01">
            <summary>Задает stub UIElement.OnCreateAutomationPeer()</summary>
        </member>
        <member name="M:GoogleAds.Debugging.Fakes.StubDebugPanel.OnDoubleTap(System.Windows.Input.GestureEventArgs)">
            <summary>Задает заглушка Control.OnDoubleTap(GestureEventArgs e)</summary>
        </member>
        <member name="F:GoogleAds.Debugging.Fakes.StubDebugPanel.OnDoubleTapGestureEventArgs">
            <summary>Задает stub Control.OnDoubleTap(GestureEventArgs e)</summary>
        </member>
        <member name="M:GoogleAds.Debugging.Fakes.StubDebugPanel.OnDragEnter(System.Windows.DragEventArgs)">
            <summary>Задает заглушка Control.OnDragEnter(DragEventArgs e)</summary>
        </member>
        <member name="F:GoogleAds.Debugging.Fakes.StubDebugPanel.OnDragEnterDragEventArgs">
            <summary>Задает stub Control.OnDragEnter(DragEventArgs e)</summary>
        </member>
        <member name="M:GoogleAds.Debugging.Fakes.StubDebugPanel.OnDragLeave(System.Windows.DragEventArgs)">
            <summary>Задает заглушка Control.OnDragLeave(DragEventArgs e)</summary>
        </member>
        <member name="F:GoogleAds.Debugging.Fakes.StubDebugPanel.OnDragLeaveDragEventArgs">
            <summary>Задает stub Control.OnDragLeave(DragEventArgs e)</summary>
        </member>
        <member name="M:GoogleAds.Debugging.Fakes.StubDebugPanel.OnDragOver(System.Windows.DragEventArgs)">
            <summary>Задает заглушка Control.OnDragOver(DragEventArgs e)</summary>
        </member>
        <member name="F:GoogleAds.Debugging.Fakes.StubDebugPanel.OnDragOverDragEventArgs">
            <summary>Задает stub Control.OnDragOver(DragEventArgs e)</summary>
        </member>
        <member name="M:GoogleAds.Debugging.Fakes.StubDebugPanel.OnDrop(System.Windows.DragEventArgs)">
            <summary>Задает заглушка Control.OnDrop(DragEventArgs e)</summary>
        </member>
        <member name="F:GoogleAds.Debugging.Fakes.StubDebugPanel.OnDropDragEventArgs">
            <summary>Задает stub Control.OnDrop(DragEventArgs e)</summary>
        </member>
        <member name="M:GoogleAds.Debugging.Fakes.StubDebugPanel.OnGotFocus(System.Windows.RoutedEventArgs)">
            <summary>Задает заглушка Control.OnGotFocus(RoutedEventArgs e)</summary>
        </member>
        <member name="F:GoogleAds.Debugging.Fakes.StubDebugPanel.OnGotFocusRoutedEventArgs">
            <summary>Задает stub Control.OnGotFocus(RoutedEventArgs e)</summary>
        </member>
        <member name="M:GoogleAds.Debugging.Fakes.StubDebugPanel.OnHold(System.Windows.Input.GestureEventArgs)">
            <summary>Задает заглушка Control.OnHold(GestureEventArgs e)</summary>
        </member>
        <member name="F:GoogleAds.Debugging.Fakes.StubDebugPanel.OnHoldGestureEventArgs">
            <summary>Задает stub Control.OnHold(GestureEventArgs e)</summary>
        </member>
        <member name="M:GoogleAds.Debugging.Fakes.StubDebugPanel.OnKeyDown(System.Windows.Input.KeyEventArgs)">
            <summary>Задает заглушка Control.OnKeyDown(KeyEventArgs e)</summary>
        </member>
        <member name="F:GoogleAds.Debugging.Fakes.StubDebugPanel.OnKeyDownKeyEventArgs">
            <summary>Задает stub Control.OnKeyDown(KeyEventArgs e)</summary>
        </member>
        <member name="M:GoogleAds.Debugging.Fakes.StubDebugPanel.OnKeyUp(System.Windows.Input.KeyEventArgs)">
            <summary>Задает заглушка Control.OnKeyUp(KeyEventArgs e)</summary>
        </member>
        <member name="F:GoogleAds.Debugging.Fakes.StubDebugPanel.OnKeyUpKeyEventArgs">
            <summary>Задает stub Control.OnKeyUp(KeyEventArgs e)</summary>
        </member>
        <member name="M:GoogleAds.Debugging.Fakes.StubDebugPanel.OnLostFocus(System.Windows.RoutedEventArgs)">
            <summary>Задает заглушка Control.OnLostFocus(RoutedEventArgs e)</summary>
        </member>
        <member name="F:GoogleAds.Debugging.Fakes.StubDebugPanel.OnLostFocusRoutedEventArgs">
            <summary>Задает stub Control.OnLostFocus(RoutedEventArgs e)</summary>
        </member>
        <member name="M:GoogleAds.Debugging.Fakes.StubDebugPanel.OnLostMouseCapture(System.Windows.Input.MouseEventArgs)">
            <summary>Задает заглушка Control.OnLostMouseCapture(MouseEventArgs e)</summary>
        </member>
        <member name="F:GoogleAds.Debugging.Fakes.StubDebugPanel.OnLostMouseCaptureMouseEventArgs">
            <summary>Задает stub Control.OnLostMouseCapture(MouseEventArgs e)</summary>
        </member>
        <member name="M:GoogleAds.Debugging.Fakes.StubDebugPanel.OnManipulationCompleted(System.Windows.Input.ManipulationCompletedEventArgs)">
            <summary>Задает заглушка Control.OnManipulationCompleted(ManipulationCompletedEventArgs e)</summary>
        </member>
        <member name="F:GoogleAds.Debugging.Fakes.StubDebugPanel.OnManipulationCompletedManipulationCompletedEventArgs">
            <summary>Задает stub Control.OnManipulationCompleted(ManipulationCompletedEventArgs e)</summary>
        </member>
        <member name="M:GoogleAds.Debugging.Fakes.StubDebugPanel.OnManipulationDelta(System.Windows.Input.ManipulationDeltaEventArgs)">
            <summary>Задает заглушка Control.OnManipulationDelta(ManipulationDeltaEventArgs e)</summary>
        </member>
        <member name="F:GoogleAds.Debugging.Fakes.StubDebugPanel.OnManipulationDeltaManipulationDeltaEventArgs">
            <summary>Задает stub Control.OnManipulationDelta(ManipulationDeltaEventArgs e)</summary>
        </member>
        <member name="M:GoogleAds.Debugging.Fakes.StubDebugPanel.OnManipulationStarted(System.Windows.Input.ManipulationStartedEventArgs)">
            <summary>Задает заглушка Control.OnManipulationStarted(ManipulationStartedEventArgs e)</summary>
        </member>
        <member name="F:GoogleAds.Debugging.Fakes.StubDebugPanel.OnManipulationStartedManipulationStartedEventArgs">
            <summary>Задает stub Control.OnManipulationStarted(ManipulationStartedEventArgs e)</summary>
        </member>
        <member name="M:GoogleAds.Debugging.Fakes.StubDebugPanel.OnMouseEnter(System.Windows.Input.MouseEventArgs)">
            <summary>Задает заглушка Control.OnMouseEnter(MouseEventArgs e)</summary>
        </member>
        <member name="F:GoogleAds.Debugging.Fakes.StubDebugPanel.OnMouseEnterMouseEventArgs">
            <summary>Задает stub Control.OnMouseEnter(MouseEventArgs e)</summary>
        </member>
        <member name="M:GoogleAds.Debugging.Fakes.StubDebugPanel.OnMouseLeave(System.Windows.Input.MouseEventArgs)">
            <summary>Задает заглушка Control.OnMouseLeave(MouseEventArgs e)</summary>
        </member>
        <member name="F:GoogleAds.Debugging.Fakes.StubDebugPanel.OnMouseLeaveMouseEventArgs">
            <summary>Задает stub Control.OnMouseLeave(MouseEventArgs e)</summary>
        </member>
        <member name="M:GoogleAds.Debugging.Fakes.StubDebugPanel.OnMouseLeftButtonDown(System.Windows.Input.MouseButtonEventArgs)">
            <summary>Задает заглушка Control.OnMouseLeftButtonDown(MouseButtonEventArgs e)</summary>
        </member>
        <member name="F:GoogleAds.Debugging.Fakes.StubDebugPanel.OnMouseLeftButtonDownMouseButtonEventArgs">
            <summary>Задает stub Control.OnMouseLeftButtonDown(MouseButtonEventArgs e)</summary>
        </member>
        <member name="M:GoogleAds.Debugging.Fakes.StubDebugPanel.OnMouseLeftButtonUp(System.Windows.Input.MouseButtonEventArgs)">
            <summary>Задает заглушка Control.OnMouseLeftButtonUp(MouseButtonEventArgs e)</summary>
        </member>
        <member name="F:GoogleAds.Debugging.Fakes.StubDebugPanel.OnMouseLeftButtonUpMouseButtonEventArgs">
            <summary>Задает stub Control.OnMouseLeftButtonUp(MouseButtonEventArgs e)</summary>
        </member>
        <member name="M:GoogleAds.Debugging.Fakes.StubDebugPanel.OnMouseMove(System.Windows.Input.MouseEventArgs)">
            <summary>Задает заглушка Control.OnMouseMove(MouseEventArgs e)</summary>
        </member>
        <member name="F:GoogleAds.Debugging.Fakes.StubDebugPanel.OnMouseMoveMouseEventArgs">
            <summary>Задает stub Control.OnMouseMove(MouseEventArgs e)</summary>
        </member>
        <member name="M:GoogleAds.Debugging.Fakes.StubDebugPanel.OnMouseRightButtonDown(System.Windows.Input.MouseButtonEventArgs)">
            <summary>Задает заглушка Control.OnMouseRightButtonDown(MouseButtonEventArgs e)</summary>
        </member>
        <member name="F:GoogleAds.Debugging.Fakes.StubDebugPanel.OnMouseRightButtonDownMouseButtonEventArgs">
            <summary>Задает stub Control.OnMouseRightButtonDown(MouseButtonEventArgs e)</summary>
        </member>
        <member name="M:GoogleAds.Debugging.Fakes.StubDebugPanel.OnMouseRightButtonUp(System.Windows.Input.MouseButtonEventArgs)">
            <summary>Задает заглушка Control.OnMouseRightButtonUp(MouseButtonEventArgs e)</summary>
        </member>
        <member name="F:GoogleAds.Debugging.Fakes.StubDebugPanel.OnMouseRightButtonUpMouseButtonEventArgs">
            <summary>Задает stub Control.OnMouseRightButtonUp(MouseButtonEventArgs e)</summary>
        </member>
        <member name="M:GoogleAds.Debugging.Fakes.StubDebugPanel.OnMouseWheel(System.Windows.Input.MouseWheelEventArgs)">
            <summary>Задает заглушка Control.OnMouseWheel(MouseWheelEventArgs e)</summary>
        </member>
        <member name="F:GoogleAds.Debugging.Fakes.StubDebugPanel.OnMouseWheelMouseWheelEventArgs">
            <summary>Задает stub Control.OnMouseWheel(MouseWheelEventArgs e)</summary>
        </member>
        <member name="M:GoogleAds.Debugging.Fakes.StubDebugPanel.OnTap(System.Windows.Input.GestureEventArgs)">
            <summary>Задает заглушка Control.OnTap(GestureEventArgs e)</summary>
        </member>
        <member name="F:GoogleAds.Debugging.Fakes.StubDebugPanel.OnTapGestureEventArgs">
            <summary>Задает stub Control.OnTap(GestureEventArgs e)</summary>
        </member>
        <member name="M:GoogleAds.Debugging.Fakes.StubDebugPanel.OnTextInput(System.Windows.Input.TextCompositionEventArgs)">
            <summary>Задает заглушка Control.OnTextInput(TextCompositionEventArgs e)</summary>
        </member>
        <member name="M:GoogleAds.Debugging.Fakes.StubDebugPanel.OnTextInputStart(System.Windows.Input.TextCompositionEventArgs)">
            <summary>Задает заглушка Control.OnTextInputStart(TextCompositionEventArgs e)</summary>
        </member>
        <member name="F:GoogleAds.Debugging.Fakes.StubDebugPanel.OnTextInputStartTextCompositionEventArgs">
            <summary>Задает stub Control.OnTextInputStart(TextCompositionEventArgs e)</summary>
        </member>
        <member name="F:GoogleAds.Debugging.Fakes.StubDebugPanel.OnTextInputTextCompositionEventArgs">
            <summary>Задает stub Control.OnTextInput(TextCompositionEventArgs e)</summary>
        </member>
        <member name="M:GoogleAds.Debugging.Fakes.StubDebugPanel.OnTextInputUpdate(System.Windows.Input.TextCompositionEventArgs)">
            <summary>Задает заглушка Control.OnTextInputUpdate(TextCompositionEventArgs e)</summary>
        </member>
        <member name="F:GoogleAds.Debugging.Fakes.StubDebugPanel.OnTextInputUpdateTextCompositionEventArgs">
            <summary>Задает stub Control.OnTextInputUpdate(TextCompositionEventArgs e)</summary>
        </member>
        <member name="P:GoogleAds.Debugging.Fakes.StubDebugPanel.CallBase">
            <summary>Получает или задает значение, указывающее, следует ли вызывать базовый метод вместо резервного поведения</summary>
        </member>
        <member name="P:GoogleAds.Debugging.Fakes.StubDebugPanel.InstanceBehavior">
            <summary>Получает или задает поведение экземпляра.</summary>
        </member>
        <member name="P:GoogleAds.Debugging.Fakes.StubDebugPanel.InstanceObserver">
            <summary>Получает или задает наблюдатель экземпляра.</summary>
        </member>
        <member name="T:GoogleAds.Fakes.ShimAdErrorEventArgs">
            <summary>Тип оболочки совместимости для GoogleAds.AdErrorEventArgs</summary>
        </member>
        <member name="M:GoogleAds.Fakes.ShimAdErrorEventArgs.#ctor">
            <summary>Инициализация нового экземпляра оболочки совместимости</summary>
        </member>
        <member name="M:GoogleAds.Fakes.ShimAdErrorEventArgs.#ctor(GoogleAds.AdErrorEventArgs)">
            <summary>Инициализация новой оболочки совместимости для заданного экземпляра</summary>
        </member>
        <member name="M:GoogleAds.Fakes.ShimAdErrorEventArgs.BehaveAsCurrent">
            <summary>Назначение поведения &quot;Current&quot; всем методам типа с оболочкой совместимости</summary>
        </member>
        <member name="M:GoogleAds.Fakes.ShimAdErrorEventArgs.BehaveAsNotImplemented">
            <summary>Назначение поведения &quot;NotImplemented&quot; всем методам типа с оболочкой совместимости</summary>
        </member>
        <member name="P:GoogleAds.Fakes.ShimAdErrorEventArgs.Behavior">
            <summary>Назначение поведения всем методам типа с оболочкой совместимости</summary>
        </member>
        <member name="P:GoogleAds.Fakes.ShimAdErrorEventArgs.Constructor">
            <summary>Задает оболочка совместимости AdErrorEventArgs.AdErrorEventArgs()</summary>
        </member>
        <member name="P:GoogleAds.Fakes.ShimAdErrorEventArgs.ErrorCodeGet">
            <summary>Задает оболочка совместимости AdErrorEventArgs.get_ErrorCode()</summary>
        </member>
        <member name="P:GoogleAds.Fakes.ShimAdErrorEventArgs.ErrorCodeSetAdErrorCode">
            <summary>Задает оболочка совместимости AdErrorEventArgs.set_ErrorCode(AdErrorCode value)</summary>
        </member>
        <member name="T:GoogleAds.Fakes.ShimAdErrorEventArgs.AllInstances">
            <summary>Определение оболочек совместимости для всех членов экземпляров</summary>
        </member>
        <member name="P:GoogleAds.Fakes.ShimAdErrorEventArgs.AllInstances.ErrorCodeGet">
            <summary>Задает оболочка совместимости AdErrorEventArgs.get_ErrorCode()</summary>
        </member>
        <member name="P:GoogleAds.Fakes.ShimAdErrorEventArgs.AllInstances.ErrorCodeSetAdErrorCode">
            <summary>Задает оболочка совместимости AdErrorEventArgs.set_ErrorCode(AdErrorCode value)</summary>
        </member>
        <member name="T:GoogleAds.Fakes.ShimAdEventArgs">
            <summary>Тип оболочки совместимости для GoogleAds.AdEventArgs</summary>
        </member>
        <member name="M:GoogleAds.Fakes.ShimAdEventArgs.#ctor">
            <summary>Инициализация нового экземпляра оболочки совместимости</summary>
        </member>
        <member name="M:GoogleAds.Fakes.ShimAdEventArgs.#ctor(GoogleAds.AdEventArgs)">
            <summary>Инициализация новой оболочки совместимости для заданного экземпляра</summary>
        </member>
        <member name="M:GoogleAds.Fakes.ShimAdEventArgs.BehaveAsCurrent">
            <summary>Назначение поведения &quot;Current&quot; всем методам типа с оболочкой совместимости</summary>
        </member>
        <member name="M:GoogleAds.Fakes.ShimAdEventArgs.BehaveAsNotImplemented">
            <summary>Назначение поведения &quot;NotImplemented&quot; всем методам типа с оболочкой совместимости</summary>
        </member>
        <member name="P:GoogleAds.Fakes.ShimAdEventArgs.Behavior">
            <summary>Назначение поведения всем методам типа с оболочкой совместимости</summary>
        </member>
        <member name="P:GoogleAds.Fakes.ShimAdEventArgs.Constructor">
            <summary>Задает оболочка совместимости AdEventArgs.AdEventArgs()</summary>
        </member>
        <member name="T:GoogleAds.Fakes.ShimAdEventArgs.AllInstances">
            <summary>Определение оболочек совместимости для всех членов экземпляров</summary>
        </member>
        <member name="T:GoogleAds.Fakes.ShimAdView">
            <summary>Тип оболочки совместимости для GoogleAds.AdView</summary>
        </member>
        <member name="M:GoogleAds.Fakes.ShimAdView.#ctor">
            <summary>Инициализация нового экземпляра оболочки совместимости</summary>
        </member>
        <member name="M:GoogleAds.Fakes.ShimAdView.#ctor(GoogleAds.AdView)">
            <summary>Инициализация новой оболочки совместимости для заданного экземпляра</summary>
        </member>
        <member name="M:GoogleAds.Fakes.ShimAdView.BehaveAsCurrent">
            <summary>Назначение поведения &quot;Current&quot; всем методам типа с оболочкой совместимости</summary>
        </member>
        <member name="M:GoogleAds.Fakes.ShimAdView.BehaveAsNotImplemented">
            <summary>Назначение поведения &quot;NotImplemented&quot; всем методам типа с оболочкой совместимости</summary>
        </member>
        <member name="M:GoogleAds.Fakes.ShimAdView.Bind(GoogleAds.IAdNotifier)">
            <summary>Привязка членов интерфейса к оболочке совместимости.</summary>
        </member>
        <member name="P:GoogleAds.Fakes.ShimAdView.AdUnitIDGet">
            <summary>Задает оболочка совместимости AdView.get_AdUnitID()</summary>
        </member>
        <member name="P:GoogleAds.Fakes.ShimAdView.AdUnitIDSetString">
            <summary>Задает оболочка совместимости AdView.set_AdUnitID(String value)</summary>
        </member>
        <member name="P:GoogleAds.Fakes.ShimAdView.ArrangeOverrideSize">
            <summary>Задает оболочка совместимости AdView.ArrangeOverride(Size finalSize)</summary>
        </member>
        <member name="P:GoogleAds.Fakes.ShimAdView.Behavior">
            <summary>Назначение поведения всем методам типа с оболочкой совместимости</summary>
        </member>
        <member name="P:GoogleAds.Fakes.ShimAdView.Constructor">
            <summary>Задает оболочка совместимости AdView.AdView()</summary>
        </member>
        <member name="P:GoogleAds.Fakes.ShimAdView.DismissingOverlayAddEventHandlerOfAdEventArgs">
            <summary>Задает оболочка совместимости AdView.add_DismissingOverlay(EventHandler`1&lt;AdEventArgs&gt; value)</summary>
        </member>
        <member name="P:GoogleAds.Fakes.ShimAdView.DismissingOverlayRemoveEventHandlerOfAdEventArgs">
            <summary>Задает оболочка совместимости AdView.remove_DismissingOverlay(EventHandler`1&lt;AdEventArgs&gt; value)</summary>
        </member>
        <member name="P:GoogleAds.Fakes.ShimAdView.FailedToReceiveAdAddEventHandlerOfAdErrorEventArgs">
            <summary>Задает оболочка совместимости AdView.add_FailedToReceiveAd(EventHandler`1&lt;AdErrorEventArgs&gt; value)</summary>
        </member>
        <member name="P:GoogleAds.Fakes.ShimAdView.FailedToReceiveAdRemoveEventHandlerOfAdErrorEventArgs">
            <summary>Задает оболочка совместимости AdView.remove_FailedToReceiveAd(EventHandler`1&lt;AdErrorEventArgs&gt; value)</summary>
        </member>
        <member name="P:GoogleAds.Fakes.ShimAdView.FormatGet">
            <summary>Задает оболочка совместимости AdView.get_Format()</summary>
        </member>
        <member name="P:GoogleAds.Fakes.ShimAdView.FormatSetNullableOfAdFormats">
            <summary>Задает оболочка совместимости AdView.set_Format(Nullable`1&lt;AdFormats&gt; value)</summary>
        </member>
        <member name="P:GoogleAds.Fakes.ShimAdView.FormatStringCallbackDependencyObjectDependencyPropertyChangedEventArgs">
            <summary>Задает оболочка совместимости AdView.FormatStringCallback(DependencyObject dependencyObject, DependencyPropertyChangedEventArgs args)</summary>
        </member>
        <member name="P:GoogleAds.Fakes.ShimAdView.InitializeComponent">
            <summary>Задает оболочка совместимости AdView.InitializeComponent()</summary>
        </member>
        <member name="P:GoogleAds.Fakes.ShimAdView.LeavingApplicationAddEventHandlerOfAdEventArgs">
            <summary>Задает оболочка совместимости AdView.add_LeavingApplication(EventHandler`1&lt;AdEventArgs&gt; value)</summary>
        </member>
        <member name="P:GoogleAds.Fakes.ShimAdView.LeavingApplicationRemoveEventHandlerOfAdEventArgs">
            <summary>Задает оболочка совместимости AdView.remove_LeavingApplication(EventHandler`1&lt;AdEventArgs&gt; value)</summary>
        </member>
        <member name="P:GoogleAds.Fakes.ShimAdView.LoadAdAdRequest">
            <summary>Задает оболочка совместимости AdView.LoadAd(AdRequest adRequest)</summary>
        </member>
        <member name="P:GoogleAds.Fakes.ShimAdView.MeasureOverrideSize">
            <summary>Задает оболочка совместимости AdView.MeasureOverride(Size availableSize)</summary>
        </member>
        <member name="P:GoogleAds.Fakes.ShimAdView.OnReceivedAdObjectAdEventArgs">
            <summary>Задает оболочка совместимости AdView.OnReceivedAd(Object sender, AdEventArgs e)</summary>
        </member>
        <member name="P:GoogleAds.Fakes.ShimAdView.OnSizeChangedObjectSizeChangedEventArgs">
            <summary>Задает оболочка совместимости AdView.OnSizeChanged(Object sender, SizeChangedEventArgs e)</summary>
        </member>
        <member name="P:GoogleAds.Fakes.ShimAdView.ParametersGet">
            <summary>Задает оболочка совместимости AdView.get_Parameters()</summary>
        </member>
        <member name="P:GoogleAds.Fakes.ShimAdView.ParametersSetAdRequest">
            <summary>Задает оболочка совместимости AdView.set_Parameters(AdRequest value)</summary>
        </member>
        <member name="P:GoogleAds.Fakes.ShimAdView.ReceivedAdAddEventHandlerOfAdEventArgs">
            <summary>Задает оболочка совместимости AdView.add_ReceivedAd(EventHandler`1&lt;AdEventArgs&gt; value)</summary>
        </member>
        <member name="P:GoogleAds.Fakes.ShimAdView.ReceivedAdRemoveEventHandlerOfAdEventArgs">
            <summary>Задает оболочка совместимости AdView.remove_ReceivedAd(EventHandler`1&lt;AdEventArgs&gt; value)</summary>
        </member>
        <member name="P:GoogleAds.Fakes.ShimAdView.ShowingOverlayAddEventHandlerOfAdEventArgs">
            <summary>Задает оболочка совместимости AdView.add_ShowingOverlay(EventHandler`1&lt;AdEventArgs&gt; value)</summary>
        </member>
        <member name="P:GoogleAds.Fakes.ShimAdView.ShowingOverlayRemoveEventHandlerOfAdEventArgs">
            <summary>Задает оболочка совместимости AdView.remove_ShowingOverlay(EventHandler`1&lt;AdEventArgs&gt; value)</summary>
        </member>
        <member name="P:GoogleAds.Fakes.ShimAdView.StaticConstructor">
            <summary>Задает оболочка совместимости AdView.AdView()</summary>
        </member>
        <member name="P:GoogleAds.Fakes.ShimAdView.ViewModelOnPropertyChangedObjectPropertyChangedEventArgs">
            <summary>Задает оболочка совместимости AdView.ViewModelOnPropertyChanged(Object sender, PropertyChangedEventArgs propertyChangedEventArgs)</summary>
        </member>
        <member name="P:GoogleAds.Fakes.ShimAdView._InitializeEventsb__10ObjectAdEventArgs">
            <summary>Задает оболочка совместимости AdView.&lt;InitializeEvents&gt;b__10(Object param0, AdEventArgs param1)</summary>
        </member>
        <member name="P:GoogleAds.Fakes.ShimAdView._InitializeEventsb__11ObjectAdEventArgs">
            <summary>Задает оболочка совместимости AdView.&lt;InitializeEvents&gt;b__11(Object param0, AdEventArgs param1)</summary>
        </member>
        <member name="P:GoogleAds.Fakes.ShimAdView._InitializeEventsb__dObjectAdEventArgs">
            <summary>Задает оболочка совместимости AdView.&lt;InitializeEvents&gt;b__d(Object param0, AdEventArgs param1)</summary>
        </member>
        <member name="P:GoogleAds.Fakes.ShimAdView._InitializeEventsb__eObjectAdErrorEventArgs">
            <summary>Задает оболочка совместимости AdView.&lt;InitializeEvents&gt;b__e(Object param0, AdErrorEventArgs param1)</summary>
        </member>
        <member name="P:GoogleAds.Fakes.ShimAdView._InitializeEventsb__fObjectAdEventArgs">
            <summary>Задает оболочка совместимости AdView.&lt;InitializeEvents&gt;b__f(Object param0, AdEventArgs param1)</summary>
        </member>
        <member name="P:GoogleAds.Fakes.ShimAdView.c0b4b6ec8203356f2915b0f56a76be4e3">
            <summary>Задает оболочка совместимости AdView.c0b4b6ec8203356f2915b0f56a76be4e3()</summary>
        </member>
        <member name="P:GoogleAds.Fakes.ShimAdView.c48380ae1e4bab5811cbf4170560ab0c4DependencyObject">
            <summary>Задает оболочка совместимости AdView.c48380ae1e4bab5811cbf4170560ab0c4(DependencyObject cfa1a2d04beabaee309293138709319c2)</summary>
        </member>
        <member name="P:GoogleAds.Fakes.ShimAdView.c9054bcd1248b545a9d86aba43ce55837">
            <summary>Задает оболочка совместимости AdView.c9054bcd1248b545a9d86aba43ce55837()</summary>
        </member>
        <member name="P:GoogleAds.Fakes.ShimAdView.c90e74db5385bf899782053735900c897DependencyObject">
            <summary>Задает оболочка совместимости AdView.c90e74db5385bf899782053735900c897(DependencyObject cfa1a2d04beabaee309293138709319c2)</summary>
        </member>
        <member name="P:GoogleAds.Fakes.ShimAdView.ce9b60f058b82bb0054fcf4aacfb04be3">
            <summary>Задает оболочка совместимости AdView.ce9b60f058b82bb0054fcf4aacfb04be3()</summary>
        </member>
        <member name="T:GoogleAds.Fakes.ShimAdView.AllInstances">
            <summary>Определение оболочек совместимости для всех членов экземпляров</summary>
        </member>
        <member name="P:GoogleAds.Fakes.ShimAdView.AllInstances.AdUnitIDGet">
            <summary>Задает оболочка совместимости AdView.get_AdUnitID()</summary>
        </member>
        <member name="P:GoogleAds.Fakes.ShimAdView.AllInstances.AdUnitIDSetString">
            <summary>Задает оболочка совместимости AdView.set_AdUnitID(String value)</summary>
        </member>
        <member name="P:GoogleAds.Fakes.ShimAdView.AllInstances.ArrangeOverrideSize">
            <summary>Задает оболочка совместимости AdView.ArrangeOverride(Size finalSize)</summary>
        </member>
        <member name="P:GoogleAds.Fakes.ShimAdView.AllInstances.DismissingOverlayAddEventHandlerOfAdEventArgs">
            <summary>Задает оболочка совместимости AdView.add_DismissingOverlay(EventHandler`1&lt;AdEventArgs&gt; value)</summary>
        </member>
        <member name="P:GoogleAds.Fakes.ShimAdView.AllInstances.DismissingOverlayRemoveEventHandlerOfAdEventArgs">
            <summary>Задает оболочка совместимости AdView.remove_DismissingOverlay(EventHandler`1&lt;AdEventArgs&gt; value)</summary>
        </member>
        <member name="P:GoogleAds.Fakes.ShimAdView.AllInstances.FailedToReceiveAdAddEventHandlerOfAdErrorEventArgs">
            <summary>Задает оболочка совместимости AdView.add_FailedToReceiveAd(EventHandler`1&lt;AdErrorEventArgs&gt; value)</summary>
        </member>
        <member name="P:GoogleAds.Fakes.ShimAdView.AllInstances.FailedToReceiveAdRemoveEventHandlerOfAdErrorEventArgs">
            <summary>Задает оболочка совместимости AdView.remove_FailedToReceiveAd(EventHandler`1&lt;AdErrorEventArgs&gt; value)</summary>
        </member>
        <member name="P:GoogleAds.Fakes.ShimAdView.AllInstances.FormatGet">
            <summary>Задает оболочка совместимости AdView.get_Format()</summary>
        </member>
        <member name="P:GoogleAds.Fakes.ShimAdView.AllInstances.FormatSetNullableOfAdFormats">
            <summary>Задает оболочка совместимости AdView.set_Format(Nullable`1&lt;AdFormats&gt; value)</summary>
        </member>
        <member name="P:GoogleAds.Fakes.ShimAdView.AllInstances.InitializeComponent">
            <summary>Задает оболочка совместимости AdView.InitializeComponent()</summary>
        </member>
        <member name="P:GoogleAds.Fakes.ShimAdView.AllInstances.LeavingApplicationAddEventHandlerOfAdEventArgs">
            <summary>Задает оболочка совместимости AdView.add_LeavingApplication(EventHandler`1&lt;AdEventArgs&gt; value)</summary>
        </member>
        <member name="P:GoogleAds.Fakes.ShimAdView.AllInstances.LeavingApplicationRemoveEventHandlerOfAdEventArgs">
            <summary>Задает оболочка совместимости AdView.remove_LeavingApplication(EventHandler`1&lt;AdEventArgs&gt; value)</summary>
        </member>
        <member name="P:GoogleAds.Fakes.ShimAdView.AllInstances.LoadAdAdRequest">
            <summary>Задает оболочка совместимости AdView.LoadAd(AdRequest adRequest)</summary>
        </member>
        <member name="P:GoogleAds.Fakes.ShimAdView.AllInstances.MeasureOverrideSize">
            <summary>Задает оболочка совместимости AdView.MeasureOverride(Size availableSize)</summary>
        </member>
        <member name="P:GoogleAds.Fakes.ShimAdView.AllInstances.OnReceivedAdObjectAdEventArgs">
            <summary>Задает оболочка совместимости AdView.OnReceivedAd(Object sender, AdEventArgs e)</summary>
        </member>
        <member name="P:GoogleAds.Fakes.ShimAdView.AllInstances.OnSizeChangedObjectSizeChangedEventArgs">
            <summary>Задает оболочка совместимости AdView.OnSizeChanged(Object sender, SizeChangedEventArgs e)</summary>
        </member>
        <member name="P:GoogleAds.Fakes.ShimAdView.AllInstances.ParametersGet">
            <summary>Задает оболочка совместимости AdView.get_Parameters()</summary>
        </member>
        <member name="P:GoogleAds.Fakes.ShimAdView.AllInstances.ParametersSetAdRequest">
            <summary>Задает оболочка совместимости AdView.set_Parameters(AdRequest value)</summary>
        </member>
        <member name="P:GoogleAds.Fakes.ShimAdView.AllInstances.ReceivedAdAddEventHandlerOfAdEventArgs">
            <summary>Задает оболочка совместимости AdView.add_ReceivedAd(EventHandler`1&lt;AdEventArgs&gt; value)</summary>
        </member>
        <member name="P:GoogleAds.Fakes.ShimAdView.AllInstances.ReceivedAdRemoveEventHandlerOfAdEventArgs">
            <summary>Задает оболочка совместимости AdView.remove_ReceivedAd(EventHandler`1&lt;AdEventArgs&gt; value)</summary>
        </member>
        <member name="P:GoogleAds.Fakes.ShimAdView.AllInstances.ShowingOverlayAddEventHandlerOfAdEventArgs">
            <summary>Задает оболочка совместимости AdView.add_ShowingOverlay(EventHandler`1&lt;AdEventArgs&gt; value)</summary>
        </member>
        <member name="P:GoogleAds.Fakes.ShimAdView.AllInstances.ShowingOverlayRemoveEventHandlerOfAdEventArgs">
            <summary>Задает оболочка совместимости AdView.remove_ShowingOverlay(EventHandler`1&lt;AdEventArgs&gt; value)</summary>
        </member>
        <member name="P:GoogleAds.Fakes.ShimAdView.AllInstances.ViewModelOnPropertyChangedObjectPropertyChangedEventArgs">
            <summary>Задает оболочка совместимости AdView.ViewModelOnPropertyChanged(Object sender, PropertyChangedEventArgs propertyChangedEventArgs)</summary>
        </member>
        <member name="P:GoogleAds.Fakes.ShimAdView.AllInstances.c0b4b6ec8203356f2915b0f56a76be4e3">
            <summary>Задает оболочка совместимости AdView.c0b4b6ec8203356f2915b0f56a76be4e3()</summary>
        </member>
        <member name="P:GoogleAds.Fakes.ShimAdView.AllInstances.c48380ae1e4bab5811cbf4170560ab0c4DependencyObject">
            <summary>Задает оболочка совместимости AdView.c48380ae1e4bab5811cbf4170560ab0c4(DependencyObject cfa1a2d04beabaee309293138709319c2)</summary>
        </member>
        <member name="P:GoogleAds.Fakes.ShimAdView.AllInstances.c9054bcd1248b545a9d86aba43ce55837">
            <summary>Задает оболочка совместимости AdView.c9054bcd1248b545a9d86aba43ce55837()</summary>
        </member>
        <member name="P:GoogleAds.Fakes.ShimAdView.AllInstances.c90e74db5385bf899782053735900c897DependencyObject">
            <summary>Задает оболочка совместимости AdView.c90e74db5385bf899782053735900c897(DependencyObject cfa1a2d04beabaee309293138709319c2)</summary>
        </member>
        <member name="P:GoogleAds.Fakes.ShimAdView.AllInstances.ce9b60f058b82bb0054fcf4aacfb04be3">
            <summary>Задает оболочка совместимости AdView.ce9b60f058b82bb0054fcf4aacfb04be3()</summary>
        </member>
        <member name="T:GoogleAds.Fakes.ShimInterstitialAd">
            <summary>Тип оболочки совместимости для GoogleAds.InterstitialAd</summary>
        </member>
        <member name="M:GoogleAds.Fakes.ShimInterstitialAd.#ctor">
            <summary>Инициализация нового экземпляра оболочки совместимости</summary>
        </member>
        <member name="M:GoogleAds.Fakes.ShimInterstitialAd.#ctor(GoogleAds.InterstitialAd)">
            <summary>Инициализация новой оболочки совместимости для заданного экземпляра</summary>
        </member>
        <member name="M:GoogleAds.Fakes.ShimInterstitialAd.BehaveAsCurrent">
            <summary>Назначение поведения &quot;Current&quot; всем методам типа с оболочкой совместимости</summary>
        </member>
        <member name="M:GoogleAds.Fakes.ShimInterstitialAd.BehaveAsNotImplemented">
            <summary>Назначение поведения &quot;NotImplemented&quot; всем методам типа с оболочкой совместимости</summary>
        </member>
        <member name="M:GoogleAds.Fakes.ShimInterstitialAd.Bind(GoogleAds.IAdNotifier)">
            <summary>Привязка членов интерфейса к оболочке совместимости.</summary>
        </member>
        <member name="P:GoogleAds.Fakes.ShimInterstitialAd.Behavior">
            <summary>Назначение поведения всем методам типа с оболочкой совместимости</summary>
        </member>
        <member name="P:GoogleAds.Fakes.ShimInterstitialAd.ConstructorString">
            <summary>Задает оболочка совместимости InterstitialAd.InterstitialAd(String adUnitId)</summary>
        </member>
        <member name="P:GoogleAds.Fakes.ShimInterstitialAd.DismissingOverlayAddEventHandlerOfAdEventArgs">
            <summary>Задает оболочка совместимости InterstitialAd.add_DismissingOverlay(EventHandler`1&lt;AdEventArgs&gt; value)</summary>
        </member>
        <member name="P:GoogleAds.Fakes.ShimInterstitialAd.DismissingOverlayRemoveEventHandlerOfAdEventArgs">
            <summary>Задает оболочка совместимости InterstitialAd.remove_DismissingOverlay(EventHandler`1&lt;AdEventArgs&gt; value)</summary>
        </member>
        <member name="P:GoogleAds.Fakes.ShimInterstitialAd.FailedToReceiveAdAddEventHandlerOfAdErrorEventArgs">
            <summary>Задает оболочка совместимости InterstitialAd.add_FailedToReceiveAd(EventHandler`1&lt;AdErrorEventArgs&gt; value)</summary>
        </member>
        <member name="P:GoogleAds.Fakes.ShimInterstitialAd.FailedToReceiveAdRemoveEventHandlerOfAdErrorEventArgs">
            <summary>Задает оболочка совместимости InterstitialAd.remove_FailedToReceiveAd(EventHandler`1&lt;AdErrorEventArgs&gt; value)</summary>
        </member>
        <member name="P:GoogleAds.Fakes.ShimInterstitialAd.LeavingApplicationAddEventHandlerOfAdEventArgs">
            <summary>Задает оболочка совместимости InterstitialAd.add_LeavingApplication(EventHandler`1&lt;AdEventArgs&gt; value)</summary>
        </member>
        <member name="P:GoogleAds.Fakes.ShimInterstitialAd.LeavingApplicationRemoveEventHandlerOfAdEventArgs">
            <summary>Задает оболочка совместимости InterstitialAd.remove_LeavingApplication(EventHandler`1&lt;AdEventArgs&gt; value)</summary>
        </member>
        <member name="P:GoogleAds.Fakes.ShimInterstitialAd.LoadAdAdRequest">
            <summary>Задает оболочка совместимости InterstitialAd.LoadAd(AdRequest adRequest)</summary>
        </member>
        <member name="P:GoogleAds.Fakes.ShimInterstitialAd.ReceivedAdAddEventHandlerOfAdEventArgs">
            <summary>Задает оболочка совместимости InterstitialAd.add_ReceivedAd(EventHandler`1&lt;AdEventArgs&gt; value)</summary>
        </member>
        <member name="P:GoogleAds.Fakes.ShimInterstitialAd.ReceivedAdRemoveEventHandlerOfAdEventArgs">
            <summary>Задает оболочка совместимости InterstitialAd.remove_ReceivedAd(EventHandler`1&lt;AdEventArgs&gt; value)</summary>
        </member>
        <member name="P:GoogleAds.Fakes.ShimInterstitialAd.ShowAd">
            <summary>Задает оболочка совместимости InterstitialAd.ShowAd()</summary>
        </member>
        <member name="P:GoogleAds.Fakes.ShimInterstitialAd.ShowingOverlayAddEventHandlerOfAdEventArgs">
            <summary>Задает оболочка совместимости InterstitialAd.add_ShowingOverlay(EventHandler`1&lt;AdEventArgs&gt; value)</summary>
        </member>
        <member name="P:GoogleAds.Fakes.ShimInterstitialAd.ShowingOverlayRemoveEventHandlerOfAdEventArgs">
            <summary>Задает оболочка совместимости InterstitialAd.remove_ShowingOverlay(EventHandler`1&lt;AdEventArgs&gt; value)</summary>
        </member>
        <member name="P:GoogleAds.Fakes.ShimInterstitialAd.c0bd102f11ea993cd6c86f002f6d86d59ObjectAdEventArgs">
            <summary>Задает оболочка совместимости InterstitialAd.c0bd102f11ea993cd6c86f002f6d86d59(Object c8113ed8d395c4cf650399bf2d7a0547f, AdEventArgs c40ebeff8da7d2f58db396ec660b9658e)</summary>
        </member>
        <member name="P:GoogleAds.Fakes.ShimInterstitialAd.c1962bb26007dc860d914f0a521f4f512ObjectAdErrorEventArgs">
            <summary>Задает оболочка совместимости InterstitialAd.c1962bb26007dc860d914f0a521f4f512(Object c8113ed8d395c4cf650399bf2d7a0547f, AdErrorEventArgs c40ebeff8da7d2f58db396ec660b9658e)</summary>
        </member>
        <member name="P:GoogleAds.Fakes.ShimInterstitialAd.c33bd5d036c9472e5e2aa51eb6ff0b416">
            <summary>Задает оболочка совместимости InterstitialAd.c33bd5d036c9472e5e2aa51eb6ff0b416()</summary>
        </member>
        <member name="P:GoogleAds.Fakes.ShimInterstitialAd.c409bfb3617d6bb7d0eca9a7b7b92730cObjectAdEventArgs">
            <summary>Задает оболочка совместимости InterstitialAd.c409bfb3617d6bb7d0eca9a7b7b92730c(Object c8113ed8d395c4cf650399bf2d7a0547f, AdEventArgs c40ebeff8da7d2f58db396ec660b9658e)</summary>
        </member>
        <member name="P:GoogleAds.Fakes.ShimInterstitialAd.c8047ed69e58bd91f17558e83f6435a76ObjectAdEventArgs">
            <summary>Задает оболочка совместимости InterstitialAd.c8047ed69e58bd91f17558e83f6435a76(Object c8113ed8d395c4cf650399bf2d7a0547f, AdEventArgs c40ebeff8da7d2f58db396ec660b9658e)</summary>
        </member>
        <member name="P:GoogleAds.Fakes.ShimInterstitialAd.c85a89be140839fa2657be68900cb1a85ObjectAdEventArgs">
            <summary>Задает оболочка совместимости InterstitialAd.c85a89be140839fa2657be68900cb1a85(Object c8113ed8d395c4cf650399bf2d7a0547f, AdEventArgs c40ebeff8da7d2f58db396ec660b9658e)</summary>
        </member>
        <member name="P:GoogleAds.Fakes.ShimInterstitialAd.ce9b60f058b82bb0054fcf4aacfb04be3">
            <summary>Задает оболочка совместимости InterstitialAd.ce9b60f058b82bb0054fcf4aacfb04be3()</summary>
        </member>
        <member name="T:GoogleAds.Fakes.ShimInterstitialAd.AllInstances">
            <summary>Определение оболочек совместимости для всех членов экземпляров</summary>
        </member>
        <member name="P:GoogleAds.Fakes.ShimInterstitialAd.AllInstances.DismissingOverlayAddEventHandlerOfAdEventArgs">
            <summary>Задает оболочка совместимости InterstitialAd.add_DismissingOverlay(EventHandler`1&lt;AdEventArgs&gt; value)</summary>
        </member>
        <member name="P:GoogleAds.Fakes.ShimInterstitialAd.AllInstances.DismissingOverlayRemoveEventHandlerOfAdEventArgs">
            <summary>Задает оболочка совместимости InterstitialAd.remove_DismissingOverlay(EventHandler`1&lt;AdEventArgs&gt; value)</summary>
        </member>
        <member name="P:GoogleAds.Fakes.ShimInterstitialAd.AllInstances.FailedToReceiveAdAddEventHandlerOfAdErrorEventArgs">
            <summary>Задает оболочка совместимости InterstitialAd.add_FailedToReceiveAd(EventHandler`1&lt;AdErrorEventArgs&gt; value)</summary>
        </member>
        <member name="P:GoogleAds.Fakes.ShimInterstitialAd.AllInstances.FailedToReceiveAdRemoveEventHandlerOfAdErrorEventArgs">
            <summary>Задает оболочка совместимости InterstitialAd.remove_FailedToReceiveAd(EventHandler`1&lt;AdErrorEventArgs&gt; value)</summary>
        </member>
        <member name="P:GoogleAds.Fakes.ShimInterstitialAd.AllInstances.LeavingApplicationAddEventHandlerOfAdEventArgs">
            <summary>Задает оболочка совместимости InterstitialAd.add_LeavingApplication(EventHandler`1&lt;AdEventArgs&gt; value)</summary>
        </member>
        <member name="P:GoogleAds.Fakes.ShimInterstitialAd.AllInstances.LeavingApplicationRemoveEventHandlerOfAdEventArgs">
            <summary>Задает оболочка совместимости InterstitialAd.remove_LeavingApplication(EventHandler`1&lt;AdEventArgs&gt; value)</summary>
        </member>
        <member name="P:GoogleAds.Fakes.ShimInterstitialAd.AllInstances.LoadAdAdRequest">
            <summary>Задает оболочка совместимости InterstitialAd.LoadAd(AdRequest adRequest)</summary>
        </member>
        <member name="P:GoogleAds.Fakes.ShimInterstitialAd.AllInstances.ReceivedAdAddEventHandlerOfAdEventArgs">
            <summary>Задает оболочка совместимости InterstitialAd.add_ReceivedAd(EventHandler`1&lt;AdEventArgs&gt; value)</summary>
        </member>
        <member name="P:GoogleAds.Fakes.ShimInterstitialAd.AllInstances.ReceivedAdRemoveEventHandlerOfAdEventArgs">
            <summary>Задает оболочка совместимости InterstitialAd.remove_ReceivedAd(EventHandler`1&lt;AdEventArgs&gt; value)</summary>
        </member>
        <member name="P:GoogleAds.Fakes.ShimInterstitialAd.AllInstances.ShowAd">
            <summary>Задает оболочка совместимости InterstitialAd.ShowAd()</summary>
        </member>
        <member name="P:GoogleAds.Fakes.ShimInterstitialAd.AllInstances.ShowingOverlayAddEventHandlerOfAdEventArgs">
            <summary>Задает оболочка совместимости InterstitialAd.add_ShowingOverlay(EventHandler`1&lt;AdEventArgs&gt; value)</summary>
        </member>
        <member name="P:GoogleAds.Fakes.ShimInterstitialAd.AllInstances.ShowingOverlayRemoveEventHandlerOfAdEventArgs">
            <summary>Задает оболочка совместимости InterstitialAd.remove_ShowingOverlay(EventHandler`1&lt;AdEventArgs&gt; value)</summary>
        </member>
        <member name="P:GoogleAds.Fakes.ShimInterstitialAd.AllInstances.c33bd5d036c9472e5e2aa51eb6ff0b416">
            <summary>Задает оболочка совместимости InterstitialAd.c33bd5d036c9472e5e2aa51eb6ff0b416()</summary>
        </member>
        <member name="P:GoogleAds.Fakes.ShimInterstitialAd.AllInstances.ce9b60f058b82bb0054fcf4aacfb04be3">
            <summary>Задает оболочка совместимости InterstitialAd.ce9b60f058b82bb0054fcf4aacfb04be3()</summary>
        </member>
        <member name="T:GoogleAds.Fakes.StubAdView">
            <summary>Тип заглушки GoogleAds.AdView</summary>
        </member>
        <member name="M:GoogleAds.Fakes.StubAdView.#ctor">
            <summary>Инициализирует новый экземпляр</summary>
        </member>
        <member name="M:GoogleAds.Fakes.StubAdView.ArrangeOverride(System.Windows.Size)">
            <summary>Задает заглушка AdView.ArrangeOverride(Size finalSize)</summary>
        </member>
        <member name="F:GoogleAds.Fakes.StubAdView.ArrangeOverrideSize">
            <summary>Задает stub AdView.ArrangeOverride(Size finalSize)</summary>
        </member>
        <member name="M:GoogleAds.Fakes.StubAdView.InitializeStub">
            <summary>Инициализирует новый экземпляр type StubAdView</summary>
        </member>
        <member name="M:GoogleAds.Fakes.StubAdView.MeasureOverride(System.Windows.Size)">
            <summary>Задает заглушка AdView.MeasureOverride(Size availableSize)</summary>
        </member>
        <member name="F:GoogleAds.Fakes.StubAdView.MeasureOverrideSize">
            <summary>Задает stub AdView.MeasureOverride(Size availableSize)</summary>
        </member>
        <member name="M:GoogleAds.Fakes.StubAdView.OnApplyTemplate">
            <summary>Задает заглушка FrameworkElement.OnApplyTemplate()</summary>
        </member>
        <member name="F:GoogleAds.Fakes.StubAdView.OnApplyTemplate01">
            <summary>Задает stub FrameworkElement.OnApplyTemplate()</summary>
        </member>
        <member name="M:GoogleAds.Fakes.StubAdView.OnCreateAutomationPeer">
            <summary>Задает заглушка UIElement.OnCreateAutomationPeer()</summary>
        </member>
        <member name="F:GoogleAds.Fakes.StubAdView.OnCreateAutomationPeer01">
            <summary>Задает stub UIElement.OnCreateAutomationPeer()</summary>
        </member>
        <member name="M:GoogleAds.Fakes.StubAdView.OnDoubleTap(System.Windows.Input.GestureEventArgs)">
            <summary>Задает заглушка Control.OnDoubleTap(GestureEventArgs e)</summary>
        </member>
        <member name="F:GoogleAds.Fakes.StubAdView.OnDoubleTapGestureEventArgs">
            <summary>Задает stub Control.OnDoubleTap(GestureEventArgs e)</summary>
        </member>
        <member name="M:GoogleAds.Fakes.StubAdView.OnDragEnter(System.Windows.DragEventArgs)">
            <summary>Задает заглушка Control.OnDragEnter(DragEventArgs e)</summary>
        </member>
        <member name="F:GoogleAds.Fakes.StubAdView.OnDragEnterDragEventArgs">
            <summary>Задает stub Control.OnDragEnter(DragEventArgs e)</summary>
        </member>
        <member name="M:GoogleAds.Fakes.StubAdView.OnDragLeave(System.Windows.DragEventArgs)">
            <summary>Задает заглушка Control.OnDragLeave(DragEventArgs e)</summary>
        </member>
        <member name="F:GoogleAds.Fakes.StubAdView.OnDragLeaveDragEventArgs">
            <summary>Задает stub Control.OnDragLeave(DragEventArgs e)</summary>
        </member>
        <member name="M:GoogleAds.Fakes.StubAdView.OnDragOver(System.Windows.DragEventArgs)">
            <summary>Задает заглушка Control.OnDragOver(DragEventArgs e)</summary>
        </member>
        <member name="F:GoogleAds.Fakes.StubAdView.OnDragOverDragEventArgs">
            <summary>Задает stub Control.OnDragOver(DragEventArgs e)</summary>
        </member>
        <member name="M:GoogleAds.Fakes.StubAdView.OnDrop(System.Windows.DragEventArgs)">
            <summary>Задает заглушка Control.OnDrop(DragEventArgs e)</summary>
        </member>
        <member name="F:GoogleAds.Fakes.StubAdView.OnDropDragEventArgs">
            <summary>Задает stub Control.OnDrop(DragEventArgs e)</summary>
        </member>
        <member name="M:GoogleAds.Fakes.StubAdView.OnGotFocus(System.Windows.RoutedEventArgs)">
            <summary>Задает заглушка Control.OnGotFocus(RoutedEventArgs e)</summary>
        </member>
        <member name="F:GoogleAds.Fakes.StubAdView.OnGotFocusRoutedEventArgs">
            <summary>Задает stub Control.OnGotFocus(RoutedEventArgs e)</summary>
        </member>
        <member name="M:GoogleAds.Fakes.StubAdView.OnHold(System.Windows.Input.GestureEventArgs)">
            <summary>Задает заглушка Control.OnHold(GestureEventArgs e)</summary>
        </member>
        <member name="F:GoogleAds.Fakes.StubAdView.OnHoldGestureEventArgs">
            <summary>Задает stub Control.OnHold(GestureEventArgs e)</summary>
        </member>
        <member name="M:GoogleAds.Fakes.StubAdView.OnKeyDown(System.Windows.Input.KeyEventArgs)">
            <summary>Задает заглушка Control.OnKeyDown(KeyEventArgs e)</summary>
        </member>
        <member name="F:GoogleAds.Fakes.StubAdView.OnKeyDownKeyEventArgs">
            <summary>Задает stub Control.OnKeyDown(KeyEventArgs e)</summary>
        </member>
        <member name="M:GoogleAds.Fakes.StubAdView.OnKeyUp(System.Windows.Input.KeyEventArgs)">
            <summary>Задает заглушка Control.OnKeyUp(KeyEventArgs e)</summary>
        </member>
        <member name="F:GoogleAds.Fakes.StubAdView.OnKeyUpKeyEventArgs">
            <summary>Задает stub Control.OnKeyUp(KeyEventArgs e)</summary>
        </member>
        <member name="M:GoogleAds.Fakes.StubAdView.OnLostFocus(System.Windows.RoutedEventArgs)">
            <summary>Задает заглушка Control.OnLostFocus(RoutedEventArgs e)</summary>
        </member>
        <member name="F:GoogleAds.Fakes.StubAdView.OnLostFocusRoutedEventArgs">
            <summary>Задает stub Control.OnLostFocus(RoutedEventArgs e)</summary>
        </member>
        <member name="M:GoogleAds.Fakes.StubAdView.OnLostMouseCapture(System.Windows.Input.MouseEventArgs)">
            <summary>Задает заглушка Control.OnLostMouseCapture(MouseEventArgs e)</summary>
        </member>
        <member name="F:GoogleAds.Fakes.StubAdView.OnLostMouseCaptureMouseEventArgs">
            <summary>Задает stub Control.OnLostMouseCapture(MouseEventArgs e)</summary>
        </member>
        <member name="M:GoogleAds.Fakes.StubAdView.OnManipulationCompleted(System.Windows.Input.ManipulationCompletedEventArgs)">
            <summary>Задает заглушка Control.OnManipulationCompleted(ManipulationCompletedEventArgs e)</summary>
        </member>
        <member name="F:GoogleAds.Fakes.StubAdView.OnManipulationCompletedManipulationCompletedEventArgs">
            <summary>Задает stub Control.OnManipulationCompleted(ManipulationCompletedEventArgs e)</summary>
        </member>
        <member name="M:GoogleAds.Fakes.StubAdView.OnManipulationDelta(System.Windows.Input.ManipulationDeltaEventArgs)">
            <summary>Задает заглушка Control.OnManipulationDelta(ManipulationDeltaEventArgs e)</summary>
        </member>
        <member name="F:GoogleAds.Fakes.StubAdView.OnManipulationDeltaManipulationDeltaEventArgs">
            <summary>Задает stub Control.OnManipulationDelta(ManipulationDeltaEventArgs e)</summary>
        </member>
        <member name="M:GoogleAds.Fakes.StubAdView.OnManipulationStarted(System.Windows.Input.ManipulationStartedEventArgs)">
            <summary>Задает заглушка Control.OnManipulationStarted(ManipulationStartedEventArgs e)</summary>
        </member>
        <member name="F:GoogleAds.Fakes.StubAdView.OnManipulationStartedManipulationStartedEventArgs">
            <summary>Задает stub Control.OnManipulationStarted(ManipulationStartedEventArgs e)</summary>
        </member>
        <member name="M:GoogleAds.Fakes.StubAdView.OnMouseEnter(System.Windows.Input.MouseEventArgs)">
            <summary>Задает заглушка Control.OnMouseEnter(MouseEventArgs e)</summary>
        </member>
        <member name="F:GoogleAds.Fakes.StubAdView.OnMouseEnterMouseEventArgs">
            <summary>Задает stub Control.OnMouseEnter(MouseEventArgs e)</summary>
        </member>
        <member name="M:GoogleAds.Fakes.StubAdView.OnMouseLeave(System.Windows.Input.MouseEventArgs)">
            <summary>Задает заглушка Control.OnMouseLeave(MouseEventArgs e)</summary>
        </member>
        <member name="F:GoogleAds.Fakes.StubAdView.OnMouseLeaveMouseEventArgs">
            <summary>Задает stub Control.OnMouseLeave(MouseEventArgs e)</summary>
        </member>
        <member name="M:GoogleAds.Fakes.StubAdView.OnMouseLeftButtonDown(System.Windows.Input.MouseButtonEventArgs)">
            <summary>Задает заглушка Control.OnMouseLeftButtonDown(MouseButtonEventArgs e)</summary>
        </member>
        <member name="F:GoogleAds.Fakes.StubAdView.OnMouseLeftButtonDownMouseButtonEventArgs">
            <summary>Задает stub Control.OnMouseLeftButtonDown(MouseButtonEventArgs e)</summary>
        </member>
        <member name="M:GoogleAds.Fakes.StubAdView.OnMouseLeftButtonUp(System.Windows.Input.MouseButtonEventArgs)">
            <summary>Задает заглушка Control.OnMouseLeftButtonUp(MouseButtonEventArgs e)</summary>
        </member>
        <member name="F:GoogleAds.Fakes.StubAdView.OnMouseLeftButtonUpMouseButtonEventArgs">
            <summary>Задает stub Control.OnMouseLeftButtonUp(MouseButtonEventArgs e)</summary>
        </member>
        <member name="M:GoogleAds.Fakes.StubAdView.OnMouseMove(System.Windows.Input.MouseEventArgs)">
            <summary>Задает заглушка Control.OnMouseMove(MouseEventArgs e)</summary>
        </member>
        <member name="F:GoogleAds.Fakes.StubAdView.OnMouseMoveMouseEventArgs">
            <summary>Задает stub Control.OnMouseMove(MouseEventArgs e)</summary>
        </member>
        <member name="M:GoogleAds.Fakes.StubAdView.OnMouseRightButtonDown(System.Windows.Input.MouseButtonEventArgs)">
            <summary>Задает заглушка Control.OnMouseRightButtonDown(MouseButtonEventArgs e)</summary>
        </member>
        <member name="F:GoogleAds.Fakes.StubAdView.OnMouseRightButtonDownMouseButtonEventArgs">
            <summary>Задает stub Control.OnMouseRightButtonDown(MouseButtonEventArgs e)</summary>
        </member>
        <member name="M:GoogleAds.Fakes.StubAdView.OnMouseRightButtonUp(System.Windows.Input.MouseButtonEventArgs)">
            <summary>Задает заглушка Control.OnMouseRightButtonUp(MouseButtonEventArgs e)</summary>
        </member>
        <member name="F:GoogleAds.Fakes.StubAdView.OnMouseRightButtonUpMouseButtonEventArgs">
            <summary>Задает stub Control.OnMouseRightButtonUp(MouseButtonEventArgs e)</summary>
        </member>
        <member name="M:GoogleAds.Fakes.StubAdView.OnMouseWheel(System.Windows.Input.MouseWheelEventArgs)">
            <summary>Задает заглушка Control.OnMouseWheel(MouseWheelEventArgs e)</summary>
        </member>
        <member name="F:GoogleAds.Fakes.StubAdView.OnMouseWheelMouseWheelEventArgs">
            <summary>Задает stub Control.OnMouseWheel(MouseWheelEventArgs e)</summary>
        </member>
        <member name="M:GoogleAds.Fakes.StubAdView.OnTap(System.Windows.Input.GestureEventArgs)">
            <summary>Задает заглушка Control.OnTap(GestureEventArgs e)</summary>
        </member>
        <member name="F:GoogleAds.Fakes.StubAdView.OnTapGestureEventArgs">
            <summary>Задает stub Control.OnTap(GestureEventArgs e)</summary>
        </member>
        <member name="M:GoogleAds.Fakes.StubAdView.OnTextInput(System.Windows.Input.TextCompositionEventArgs)">
            <summary>Задает заглушка Control.OnTextInput(TextCompositionEventArgs e)</summary>
        </member>
        <member name="M:GoogleAds.Fakes.StubAdView.OnTextInputStart(System.Windows.Input.TextCompositionEventArgs)">
            <summary>Задает заглушка Control.OnTextInputStart(TextCompositionEventArgs e)</summary>
        </member>
        <member name="F:GoogleAds.Fakes.StubAdView.OnTextInputStartTextCompositionEventArgs">
            <summary>Задает stub Control.OnTextInputStart(TextCompositionEventArgs e)</summary>
        </member>
        <member name="F:GoogleAds.Fakes.StubAdView.OnTextInputTextCompositionEventArgs">
            <summary>Задает stub Control.OnTextInput(TextCompositionEventArgs e)</summary>
        </member>
        <member name="M:GoogleAds.Fakes.StubAdView.OnTextInputUpdate(System.Windows.Input.TextCompositionEventArgs)">
            <summary>Задает заглушка Control.OnTextInputUpdate(TextCompositionEventArgs e)</summary>
        </member>
        <member name="F:GoogleAds.Fakes.StubAdView.OnTextInputUpdateTextCompositionEventArgs">
            <summary>Задает stub Control.OnTextInputUpdate(TextCompositionEventArgs e)</summary>
        </member>
        <member name="P:GoogleAds.Fakes.StubAdView.CallBase">
            <summary>Получает или задает значение, указывающее, следует ли вызывать базовый метод вместо резервного поведения</summary>
        </member>
        <member name="P:GoogleAds.Fakes.StubAdView.InstanceBehavior">
            <summary>Получает или задает поведение экземпляра.</summary>
        </member>
        <member name="P:GoogleAds.Fakes.StubAdView.InstanceObserver">
            <summary>Получает или задает наблюдатель экземпляра.</summary>
        </member>
        <member name="T:GoogleAds.Fakes.StubIAdFormat">
            <summary>Тип заглушки GoogleAds.IAdFormat</summary>
        </member>
        <member name="M:GoogleAds.Fakes.StubIAdFormat.#ctor">
            <summary>Инициализирует новый экземпляр type StubIAdFormat</summary>
        </member>
        <member name="F:GoogleAds.Fakes.StubIAdFormat.FormatGet">
            <summary>Задает stub IAdFormat.get_Format()</summary>
        </member>
        <member name="P:GoogleAds.Fakes.StubIAdFormat.ga::GoogleAds#IAdFormat#Format">
            <summary>Задает stub IAdFormat.get_Format()</summary>
        </member>
        <member name="T:GoogleAds.Fakes.StubIAdNotifier">
            <summary>Тип заглушки GoogleAds.IAdNotifier</summary>
        </member>
        <member name="M:GoogleAds.Fakes.StubIAdNotifier.#ctor">
            <summary>Инициализирует новый экземпляр type StubIAdNotifier</summary>
        </member>
    </members>
</doc>
